{"cameraMode":{"drawMode":0,"name":"Shaded","section":"Shading Mode"},"sceneLighting":true,"audioPlay":false,"sceneViewState":{"showFog":true,"showMaterialUpdate":false,"showSkybox":true,"showFlares":true,"showImageEffects":true,"showParticleSystems":true,"showVisualEffectGraphs":true,"m_FxEnabled":true},"in2DMode":false,"pivot":{"x":13.346685409545899,"y":26.464982986450197,"z":185.75982666015626},"rotation":{"x":0.014655585400760174,"y":-0.06834238767623902,"z":-0.0010040756314992905,"w":-0.9975566864013672},"size":146.43502807617188,"orthographic":false}