{"cameraMode":{"drawMode":0,"name":"Shaded","section":"Shading Mode"},"sceneLighting":true,"audioPlay":false,"sceneViewState":{"showFog":true,"showMaterialUpdate":false,"showSkybox":true,"showFlares":true,"showImageEffects":true,"showParticleSystems":true,"showVisualEffectGraphs":true,"m_FxEnabled":true},"in2DMode":false,"pivot":{"x":4.634617805480957,"y":-1.7767176628112794,"z":155.34161376953126},"rotation":{"x":-0.013808543793857098,"y":0.009596184827387333,"z":-0.00013272266369313002,"w":-0.9998642206192017},"size":125.82804107666016,"orthographic":false}