{"cameraMode":{"drawMode":0,"name":"Shaded","section":"Shading Mode"},"sceneLighting":true,"audioPlay":false,"sceneViewState":{"showFog":true,"showMaterialUpdate":false,"showSkybox":true,"showFlares":true,"showImageEffects":true,"showParticleSystems":true,"showVisualEffectGraphs":true,"m_FxEnabled":true},"in2DMode":false,"pivot":{"x":-276.0736083984375,"y":26.464994430541993,"z":73.43960571289063},"rotation":{"x":0.01329953595995903,"y":0.42462560534477236,"z":0.006238345522433519,"w":-0.9052540063858032},"size":159.91070556640626,"orthographic":false}